{
  "pizza_type": {
    "precision": 1.0,
    "recall": 1.0,
    "f1-score": 1.0,
    "support": 607,
    "confused_with": {}
  },
  "pizza_quantity": {
    "precision": 1.0,
    "recall": 1.0,
    "f1-score": 1.0,
    "support": 203,
    "confused_with": {}
  },
  "pizza_size": {
    "precision": 1.0,
    "recall": 1.0,
    "f1-score": 1.0,
    "support": 148,
    "confused_with": {}
  },
  "recommendation_category": {
    "precision": 0.9107142857142857,
    "recall": 0.9107142857142857,
    "f1-score": 0.9107142857142857,
    "support": 56,
    "confused_with": {
      "menu_category": 5
    }
  },
  "pizza_custom_toppings": {
    "precision": 1.0,
    "recall": 1.0,
    "f1-score": 1.0,
    "support": 184,
    "confused_with": {}
  },
  "menu_category": {
    "precision": 0.9206349206349206,
    "recall": 0.9206349206349206,
    "f1-score": 0.9206349206349206,
    "support": 63,
    "confused_with": {
      "recommendation_category": 5
    }
  },
  "pickup_time": {
    "precision": 1.0,
    "recall": 1.0,
    "f1-score": 1.0,
    "support": 260,
    "confused_with": {}
  },
  "micro avg": {
    "precision": 0.9934253780407627,
    "recall": 0.9934253780407627,
    "f1-score": 0.9934253780407627,
    "support": 1521
  },
  "macro avg": {
    "precision": 0.9759070294784581,
    "recall": 0.9759070294784581,
    "f1-score": 0.9759070294784581,
    "support": 1521
  },
  "weighted avg": {
    "precision": 0.9934253780407627,
    "recall": 0.9934253780407627,
    "f1-score": 0.9934253780407627,
    "support": 1521
  },
  "accuracy": 0.9988029686377783
}