{
  "pizza_custom_toppings": {
    "precision": 1.0,
    "recall": 1.0,
    "f1-score": 1.0,
    "support": 199,
    "confused_with": {}
  },
  "pizza_quantity": {
    "precision": 0.9852941176470589,
    "recall": 0.9901477832512315,
    "f1-score": 0.9877149877149877,
    "support": 203,
    "confused_with": {}
  },
  "pizza_type": {
    "precision": 1.0,
    "recall": 1.0,
    "f1-score": 1.0,
    "support": 726,
    "confused_with": {}
  },
  "pizza_size": {
    "precision": 1.0,
    "recall": 1.0,
    "f1-score": 1.0,
    "support": 148,
    "confused_with": {}
  },
  "pickup_time": {
    "precision": 1.0,
    "recall": 1.0,
    "f1-score": 1.0,
    "support": 260,
    "confused_with": {}
  },
  "micro avg": {
    "precision": 0.9980481457384516,
    "recall": 0.9986979166666666,
    "f1-score": 0.9983729254799869,
    "support": 1536
  },
  "macro avg": {
    "precision": 0.9970588235294118,
    "recall": 0.9980295566502463,
    "f1-score": 0.9975429975429975,
    "support": 1536
  },
  "weighted avg": {
    "precision": 0.9980564491421569,
    "recall": 0.9986979166666666,
    "f1-score": 0.9983763948607699,
    "support": 1536
  },
  "accuracy": 0.999457818260681
}